{"stats":{"minecraft:custom":{"minecraft:interact_with_crafting_table":1,"minecraft:leave_game":12,"minecraft:time_since_death":0,"minecraft:time_since_rest":0,"minecraft:sprint_one_cm":19602,"minecraft:damage_taken":2076,"minecraft:walk_one_cm":37824,"minecraft:drop":84,"minecraft:damage_dealt":506,"minecraft:swim_one_cm":1360,"minecraft:fly_one_cm":190067,"minecraft:crouch_one_cm":1420,"minecraft:play_time":50751,"minecraft:deaths":7,"minecraft:sneak_time":1275,"minecraft:walk_under_water_one_cm":1266,"minecraft:jump":253,"minecraft:walk_on_water_one_cm":245,"minecraft:total_world_time":50751,"minecraft:fall_one_cm":3043},"minecraft:mined":{"minecraft:crafting_table":1,"minecraft:tall_grass":2,"minecraft:grass":3,"minecraft:oak_log":5,"minecraft:oak_leaves":1},"minecraft:killed_by":{"minecraft:player":1},"minecraft:dropped":{"minecraft:wheat_seeds":1,"minecraft:warped_fungus":772,"minecraft:oak_log":2,"minecraft:stone_sword":1,"immersive_aircraft:biplane":1,"tombstone:gift":2,"minecraft:disc_fragment_5":64,"minecraft:grass_block":3,"minecraft:music_disc_11":55,"minecraft:grass":1,"tombstone:grave_key":3,"dynamictrees:oak_branch":1},"minecraft:picked_up":{"minecraft:crafting_table":1,"minecraft:feather":2,"minecraft:chicken":6,"minecraft:glow_ink_sac":2,"minecraft:salmon":10,"minecraft:oak_log":6,"orcz:great_jungle_armour_leggings":1,"minecraft:string":2,"minecraft:lapis_lazuli":3,"minecraft:dirt":1,"securitycraft:sentry":2,"tombstone:gift":1,"minecraft:disc_fragment_5":64,"minecraft:name_tag":1,"minecraft:activator_rail":3,"minecraft:wheat_seeds":2,"minecraft:detector_rail":1,"securitycraft:security_camera":1,"minecraft:egg":2,"minecraft:stick":2,"minecraft:warped_fungus":320,"minecraft:torch":14,"minecraft:porkchop":4,"orcz:great_jungle_armour_chestplate":1,"minecraft:music_disc_11":13,"minecraft:grass_block":1,"minecraft:redstone":1,"orcz:great_jungle_armour_helmet":1,"minecraft:stone_sword":1,"minecraft:arrow":2,"minecraft:rotten_flesh":4,"minecraft:beetroot_seeds":1,"minecraft:bread":9,"minecraft:oak_sapling":1,"minecraft:melon_seeds":2,"minecraft:glow_berries":4,"minecraft:cod":5,"minecraft:rail":10},"minecraft:crafted":{"minecraft:oak_planks":256,"minecraft:crafting_table":1,"minecraft:stone_axe":1,"minecraft:stone_pickaxe":1,"minecraft:stone_sword":1},"minecraft:used":{"securitycraft:projector":1,"minecraft:stone_sword":3,"minecraft:birch_planks":6,"orcz:great_jungle_armour_helmet":1,"orcz:weirdboinecro_spawn_egg":15,"securitycraft:remote_access_mine":8,"securitycraft:security_camera":12,"immersive_aircraft:warship":2,"securitycraft:cobblestone_mine":11,"minecraft:skeleton_spawn_egg":1,"minecraft:crafting_table":1,"minecraft:lightning_rod":2,"minecraft:birch_fence":4,"minecraft:creeper_spawn_egg":2,"minecraft:oak_log":1,"securitycraft:camera_monitor":13,"minecraft:command_block":4,"minecraft:grass_block":138,"minecraft:bread":7,"securitycraft:remote_access_sentry":1,"minecraft:stone_axe":2,"securitycraft:sentry":5,"minecraft:wolf_spawn_egg":1,"securitycraft:cage_trap":2,"dynamictrees:oak_branch":1,"immersive_aircraft:biplane":13}},"DataVersion":3465}