{"stats":{"minecraft:dropped":{"minecraft:grass":1,"minecraft:wheat_seeds":1,"minecraft:warped_fungus":580,"minecraft:oak_log":2,"tombstone:grave_key":1,"immersive_aircraft:biplane":1,"tombstone:gift":2,"dynamictrees:oak_branch":1,"minecraft:grass_block":3,"minecraft:music_disc_11":54},"minecraft:used":{"minecraft:birch_fence":4,"minecraft:creeper_spawn_egg":2,"minecraft:oak_log":1,"securitycraft:camera_monitor":13,"securitycraft:projector":1,"minecraft:command_block":4,"minecraft:birch_planks":6,"minecraft:grass_block":138,"orcz:weirdboinecro_spawn_egg":15,"securitycraft:remote_access_mine":8,"securitycraft:security_camera":12,"immersive_aircraft:warship":2,"securitycraft:remote_access_sentry":1,"securitycraft:sentry":5,"securitycraft:cobblestone_mine":11,"minecraft:skeleton_spawn_egg":1,"minecraft:wolf_spawn_egg":1,"securitycraft:cage_trap":2,"dynamictrees:oak_branch":1,"immersive_aircraft:biplane":13,"minecraft:lightning_rod":2},"minecraft:custom":{"minecraft:time_since_rest":23715,"minecraft:sprint_one_cm":6630,"minecraft:damage_taken":350,"minecraft:walk_one_cm":19841,"minecraft:drop":76,"minecraft:swim_one_cm":1360,"minecraft:fly_one_cm":161537,"minecraft:crouch_one_cm":1126,"minecraft:play_time":39755,"minecraft:deaths":2,"minecraft:sneak_time":1076,"minecraft:walk_under_water_one_cm":1266,"minecraft:jump":102,"minecraft:leave_game":10,"minecraft:walk_on_water_one_cm":245,"minecraft:time_since_death":25297,"minecraft:total_world_time":39755,"minecraft:fall_one_cm":1106},"minecraft:picked_up":{"minecraft:warped_fungus":192,"minecraft:oak_log":1,"minecraft:music_disc_11":12,"minecraft:grass_block":1,"securitycraft:sentry":2,"tombstone:gift":1,"minecraft:wheat_seeds":1,"securitycraft:security_camera":1}},"DataVersion":3465}