{"stats":{"minecraft:killed":{"minecraft:skeleton_horse":1},"minecraft:used":{"minecraft:netherite_sword":4,"minecraft:black_wool":23,"minecraft:magma_block":2,"minecraft:barrier":6,"minecraft:ender_pearl":21},"minecraft:custom":{"minecraft:time_since_rest":24996,"minecraft:crouch_one_cm":2222,"minecraft:play_time":24996,"minecraft:sprint_one_cm":21226,"minecraft:walk_one_cm":45948,"minecraft:damage_taken":30,"minecraft:sneak_time":905,"minecraft:mob_kills":1,"minecraft:jump":347,"minecraft:damage_dealt":643,"minecraft:leave_game":1,"minecraft:time_since_death":24996,"minecraft:total_world_time":24996,"minecraft:fall_one_cm":1107,"minecraft:fly_one_cm":150291,"minecraft:player_kills":2},"minecraft:picked_up":{"minecraft:bone":2,"minecraft:rotten_flesh":2,"minecraft:glow_item_frame":3,"minecraft:filled_map":4}},"DataVersion":3465}