{"stats":{"minecraft:mined":{"minecraft:hay_block":1,"gravestone:gravestone":2,"minecraft:grass":13,"minecraft:grass_block":8,"minecraft:dirt":10,"minecraft:tall_grass":2},"minecraft:dropped":{"minecraft:dirt":68,"securitycraft:mine":1,"immersive_aircraft:gyrodyne":1,"minecraft:wheat_seeds":5,"minecraft:cobblestone":4,"minecraft:rotten_flesh":5,"gravestone:obituary":1,"securitycraft:camera_monitor":1,"minecraft:grass_block":2},"minecraft:picked_up":{"minecraft:gravel":25,"minecraft:flint":4,"minecraft:dirt":195,"immersive_aircraft:biplane":1,"minecraft:wheat_seeds":1,"minecraft:hay_block":1,"minecraft:cobblestone":6},"minecraft:used":{"minecraft:birch_fence":4,"securitycraft:camera_monitor":9,"minecraft:water_bucket":38,"minecraft:birch_planks":4,"minecraft:grass_block":99,"securitycraft:remote_access_mine":9,"securitycraft:security_camera":5,"immersive_aircraft:warship":2,"securitycraft:mine":1,"securitycraft:cobblestone_mine":10,"minecraft:dirt":164,"minecraft:cobblestone":2,"minecraft:hay_block":1,"immersive_aircraft:gyrodyne":2,"immersive_aircraft:biplane":8},"minecraft:custom":{"minecraft:time_since_rest":27461,"minecraft:sprint_one_cm":38487,"minecraft:damage_taken":895,"minecraft:walk_one_cm":48264,"minecraft:drop":14,"minecraft:damage_dealt":-140,"minecraft:swim_one_cm":8865,"minecraft:talked_to_villager":1,"minecraft:fly_one_cm":373526,"minecraft:player_kills":1,"minecraft:crouch_one_cm":4960,"minecraft:play_time":40856,"minecraft:deaths":2,"minecraft:sneak_time":2202,"minecraft:walk_under_water_one_cm":546,"minecraft:jump":483,"minecraft:leave_game":1,"minecraft:walk_on_water_one_cm":3166,"minecraft:time_since_death":27433,"minecraft:total_world_time":40856,"minecraft:fall_one_cm":9117}},"DataVersion":3465}