{"stats":{"minecraft:custom":{"minecraft:time_since_rest":2077,"minecraft:crouch_one_cm":350,"minecraft:play_time":9453,"minecraft:sprint_one_cm":32147,"minecraft:walk_one_cm":17463,"minecraft:damage_taken":440,"minecraft:deaths":2,"minecraft:sneak_time":77,"minecraft:mob_kills":4,"minecraft:drop":4,"minecraft:jump":352,"minecraft:damage_dealt":184,"minecraft:leave_game":1,"minecraft:time_since_death":2035,"minecraft:total_world_time":9453,"minecraft:fall_one_cm":19372,"minecraft:fly_one_cm":74335},"minecraft:dropped":{"minecraft:chicken":1,"minecraft:wheat_seeds":2,"minecraft:mutton":1},"minecraft:picked_up":{"minecraft:feather":1,"minecraft:chicken":2,"minecraft:wheat_seeds":2,"minecraft:mutton":1},"minecraft:mined":{"minecraft:grass":7},"minecraft:killed":{"minecraft:sheep":1,"minecraft:chicken":2},"minecraft:used":{"minecraft:chicken":1}},"DataVersion":3120}