{"stats":{"minecraft:used":{"minecraft:glow_item_frame":4},"minecraft:mined":{"minecraft:tall_grass":1,"minecraft:grass":2},"minecraft:custom":{"minecraft:time_since_rest":483,"minecraft:walk_one_cm":16754,"minecraft:leave_game":5,"minecraft:play_time":9523,"minecraft:sprint_one_cm":25667,"minecraft:damage_taken":825,"minecraft:time_since_death":449,"minecraft:deaths":3,"minecraft:total_world_time":9523,"minecraft:fall_one_cm":8158,"minecraft:fly_one_cm":49602,"minecraft:jump":185},"minecraft:picked_up":{"minecraft:filled_map":3,"minecraft:glow_item_frame":4},"minecraft:killed_by":{"minecraft:player":2}},"DataVersion":3465}