{"stats":{"minecraft:picked_up":{"minecraft:filled_map":3,"minecraft:glow_item_frame":1},"minecraft:used":{"minecraft:barrier":8,"minecraft:glow_item_frame":2,"minecraft:red_terracotta":1,"minecraft:dirt":2},"minecraft:custom":{"minecraft:time_since_rest":70919,"minecraft:open_enderchest":1,"minecraft:crouch_one_cm":27178,"minecraft:leave_game":4,"minecraft:play_time":70919,"minecraft:sprint_one_cm":32100,"minecraft:time_since_death":70919,"minecraft:walk_on_water_one_cm":3080,"minecraft:walk_one_cm":60991,"minecraft:sneak_time":3246,"minecraft:total_world_time":70919,"minecraft:fall_one_cm":418,"minecraft:drop":2,"minecraft:fly_one_cm":449929,"minecraft:jump":175},"minecraft:dropped":{"minecraft:filled_map":2}},"DataVersion":3465}