{"stats":{"minecraft:dropped":{"minecraft:filled_map":2},"minecraft:custom":{"minecraft:jump":62,"minecraft:time_since_rest":16429,"minecraft:crouch_one_cm":958,"minecraft:leave_game":1,"minecraft:play_time":16429,"minecraft:sprint_one_cm":9240,"minecraft:time_since_death":16429,"minecraft:walk_one_cm":9376,"minecraft:sneak_time":910,"minecraft:total_world_time":16429,"minecraft:drop":2,"minecraft:fall_one_cm":418,"minecraft:fly_one_cm":131284},"minecraft:used":{"minecraft:barrier":1},"minecraft:picked_up":{"minecraft:filled_map":2}},"DataVersion":3465}