{"stats":{"minecraft:killed":{"minecraft:sheep":2,"minecraft:dolphin":1,"minecraft:villager":2},"minecraft:dropped":{"minecraft:gravel":5,"minecraft:dirt":71,"minecraft:wheat_seeds":6,"minecraft:oak_log":1,"minecraft:rotten_flesh":2,"minecraft:white_wool":1,"minecraft:flint":4},"minecraft:killed_by":{"minecraft:player":1},"minecraft:picked_up":{"minecraft:torch":2,"minecraft:gravel":5,"securitycraft:camera_monitor":1,"minecraft:sand":2,"minecraft:flint":4,"minecraft:oak_log":3,"minecraft:grass_block":2,"minecraft:string":2,"minecraft:dirt":311,"immersive_aircraft:biplane":1,"minecraft:rotten_flesh":7,"minecraft:wheat_seeds":14,"minecraft:hay_block":2,"minecraft:mutton":7,"minecraft:egg":2,"minecraft:white_wool":5},"minecraft:used":{"minecraft:birch_fence":4,"minecraft:crimson_hanging_sign":2,"securitycraft:camera_monitor":2,"minecraft:dirt_path":15,"minecraft:flint_and_steel":6,"minecraft:birch_planks":3,"minecraft:grass_block":35,"securitycraft:bucket_f_lava":1,"securitycraft:security_camera":2,"immersive_aircraft:warship":1,"securitycraft:bucket_f_water":1,"minecraft:white_wool":58,"immersive_aircraft:cargo_airship":1,"minecraft:torch":2,"minecraft:sand":2,"minecraft:dirt":464,"minecraft:mutton":3,"minecraft:hay_block":1,"minecraft:tnt":8,"securitycraft:dirt_mine":1,"orcz:orcsteelshovel":10,"minecraft:bucket":3,"immersive_aircraft:gyrodyne":6,"minecraft:egg":2,"immersive_aircraft:biplane":3,"minecraft:potato":23,"minecraft:oak_log":5,"minecraft:cobweb":23},"minecraft:mined":{"minecraft:hay_block":2,"minecraft:carrots":1,"minecraft:grass":33,"minecraft:oak_log":2,"minecraft:grass_block":11,"minecraft:dirt":6,"minecraft:tall_grass":3,"minecraft:wall_torch":2},"minecraft:custom":{"minecraft:time_since_rest":43957,"minecraft:sprint_one_cm":42537,"minecraft:damage_taken":583,"minecraft:walk_one_cm":108179,"minecraft:mob_kills":5,"minecraft:drop":19,"minecraft:damage_dealt":1046,"minecraft:swim_one_cm":13025,"minecraft:talked_to_villager":2,"minecraft:fly_one_cm":226923,"minecraft:open_chest":1,"minecraft:crouch_one_cm":16390,"minecraft:play_time":80793,"minecraft:deaths":1,"minecraft:sneak_time":5263,"minecraft:walk_under_water_one_cm":7813,"minecraft:jump":738,"minecraft:leave_game":5,"minecraft:time_since_death":43613,"minecraft:walk_on_water_one_cm":7817,"minecraft:sleep_in_bed":1,"minecraft:total_world_time":80793,"minecraft:fall_one_cm":12565,"minecraft:horse_one_cm":1749}},"DataVersion":3465}