{"stats":{"minecraft:dropped":{"minecraft:wheat_seeds":1},"minecraft:picked_up":{"minecraft:wheat_seeds":1},"minecraft:custom":{"minecraft:jump":20,"minecraft:time_since_rest":848,"minecraft:damage_dealt":10,"minecraft:crouch_one_cm":96,"minecraft:leave_game":1,"minecraft:play_time":848,"minecraft:sprint_one_cm":2229,"minecraft:time_since_death":848,"minecraft:walk_one_cm":1900,"minecraft:sneak_time":15,"minecraft:total_world_time":848,"minecraft:fall_one_cm":418,"minecraft:drop":1,"minecraft:fly_one_cm":2978},"minecraft:mined":{"minecraft:tall_grass":1,"minecraft:grass":3}},"DataVersion":3465}