{"stats":{"minecraft:dropped":{"minecraft:wheat_seeds":1},"minecraft:picked_up":{"minecraft:wheat_seeds":4,"minecraft:mutton":2,"minecraft:white_wool":1,"minecraft:egg":1},"minecraft:custom":{"minecraft:time_since_rest":6922,"minecraft:crouch_one_cm":472,"minecraft:sprint_one_cm":16817,"minecraft:play_time":12848,"minecraft:damage_taken":45,"minecraft:walk_one_cm":14589,"minecraft:sneak_time":108,"minecraft:walk_under_water_one_cm":722,"minecraft:mob_kills":3,"minecraft:drop":1,"minecraft:jump":159,"minecraft:damage_dealt":535,"minecraft:leave_game":1,"minecraft:time_since_death":12848,"minecraft:walk_on_water_one_cm":746,"minecraft:sleep_in_bed":1,"minecraft:total_world_time":12848,"minecraft:swim_one_cm":8429,"minecraft:talked_to_villager":2,"minecraft:fall_one_cm":4820,"minecraft:fly_one_cm":19720},"minecraft:mined":{"minecraft:grass":21,"minecraft:carrots":1,"minecraft:tall_grass":2},"minecraft:killed":{"minecraft:sheep":1,"minecraft:villager":2},"minecraft:used":{"minecraft:mutton":2,"minecraft:egg":1}},"DataVersion":3465}