{"stats":{"minecraft:custom":{"minecraft:mob_kills":15,"minecraft:interact_with_crafting_table":13,"minecraft:leave_game":14,"minecraft:time_since_death":34146,"minecraft:climb_one_cm":1284,"minecraft:damage_resisted":1845,"minecraft:sprint_one_cm":112228,"minecraft:walk_one_cm":225910,"minecraft:drop":52,"minecraft:talked_to_villager":2,"minecraft:play_time":161524,"minecraft:deaths":2,"minecraft:sneak_time":8568,"minecraft:walk_under_water_one_cm":13630,"minecraft:jump":1545,"minecraft:walk_on_water_one_cm":15420,"minecraft:total_world_time":161524,"minecraft:interact_with_stonecutter":2,"minecraft:sleep_in_bed":3,"minecraft:time_since_rest":33350,"minecraft:damage_taken":1709,"minecraft:damage_dealt":2440,"tombstone:cast_on_ally":0,"minecraft:swim_one_cm":30465,"minecraft:fly_one_cm":528502,"minecraft:player_kills":1,"minecraft:open_chest":2,"minecraft:crouch_one_cm":23708,"minecraft:fall_one_cm":29180,"minecraft:horse_one_cm":1749},"minecraft:mined":{"orcz:orcamanita":2,"minecraft:granite":5,"minecraft:grass_block":13,"minecraft:hay_block":17,"minecraft:tall_seagrass":1,"minecraft:carrots":6,"minecraft:potatoes":2,"minecraft:stone":33,"minecraft:crafting_table":1,"minecraft:tall_grass":11,"minecraft:diorite":10,"minecraft:wall_torch":2,"minecraft:wheat":17,"minecraft:yellow_bed":2,"minecraft:grass":55,"dynamictrees:apple_oak_sapling":1,"minecraft:oak_log":13,"minecraft:sand":3,"minecraft:dirt":7},"minecraft:killed_by":{"minecraft:player":1},"minecraft:dropped":{"minecraft:bread":7,"minecraft:wheat_seeds":6,"minecraft:oak_log":1,"minecraft:feather":2,"minecraft:disc_fragment_5":807,"minecraft:flint":4,"minecraft:dirt":71,"tombstone:grave_key":2,"orcz:great_jungle_armour_helmet":1,"tombstone:grave_dust":2,"minecraft:white_wool":1,"minecraft:gravel":5,"securitycraft:admin_tool":1,"minecraft:rotten_flesh":2,"securitycraft:sentry":2,"orcz:great_jungle_armour_leggings":1,"orcz:great_jungle_armour_chestplate":1,"dynamictrees:dendro_potion":2},"minecraft:broken":{"minecraft:wooden_sword":1},"minecraft:picked_up":{"minecraft:crafting_table":1,"minecraft:wheat":6,"minecraft:chicken":1,"tombstone:grave_key":1,"dynamictrees:oak_branch":1,"dynamictrees:apple_oak_seed":1,"minecraft:string":4,"immersive_aircraft:biplane":1,"minecraft:egg":2,"minecraft:stick":8,"minecraft:torch":3,"dynamictrees:dendro_potion":2,"securitycraft:camera_monitor":1,"minecraft:porkchop":1,"tombstone:grave_dust":1,"minecraft:pointed_dripstone":3,"minecraft:diorite":10,"minecraft:carrot":14,"orcz:great_jungle_armour_helmet":2,"minecraft:tnt":192,"minecraft:rotten_flesh":7,"minecraft:hay_block":17,"minecraft:mutton":7,"minecraft:cobblestone":33,"minecraft:white_wool":5,"securitycraft:admin_tool":1,"minecraft:feather":2,"orcz:orcteeth":1,"minecraft:salmon":6,"minecraft:jungle_wood":64,"minecraft:potato":7,"minecraft:flint":4,"minecraft:oak_log":23,"minecraft:yellow_bed":2,"minecraft:gunpowder":2,"orcz:great_jungle_armour_leggings":2,"minecraft:disc_fragment_5":1536,"minecraft:dirt":317,"tombstone:gift":1,"securitycraft:sentry":4,"minecraft:wheat_seeds":50,"securitycraft:security_camera":2,"minecraft:gravel":5,"minecraft:sand":5,"orcz:great_jungle_armour_chestplate":2,"orcz:orcamanita":2,"tombstone:decorative_grave_simple":4,"minecraft:grass_block":4,"minecraft:granite":5,"minecraft:bone_meal":1},"minecraft:crafted":{"minecraft:wooden_sword":1,"minecraft:oak_planks":40,"minecraft:stone_pickaxe":1,"minecraft:wheat":135,"minecraft:crafting_table":3,"minecraft:wooden_pickaxe":1,"minecraft:stone_axe":1,"minecraft:bread":47,"minecraft:stick":8},"minecraft:used":{"minecraft:netherite_sword":2,"orcz:great_jungle_armour_leggings":1,"minecraft:flint_and_steel":6,"securitycraft:bucket_f_lava":1,"securitycraft:security_camera":5,"immersive_aircraft:warship":2,"minecraft:torch":4,"minecraft:dirt":603,"minecraft:mutton":3,"minecraft:carrot":3,"minecraft:granite":3,"endertrigon:baby_dragon_egg":1,"securitycraft:camera_monitor":2,"tombstone:decorative_grave_simple":5,"minecraft:grass_block":59,"orcz:goblin_2sword_spawn_egg":3,"minecraft:hay_block":1,"securitycraft:dirt_mine":1,"tombstone:gift":2,"minecraft:egg":2,"immersive_aircraft:biplane":3,"minecraft:potato":23,"minecraft:crimson_hanging_sign":2,"minecraft:wheat_seeds":24,"minecraft:dirt_path":18,"securitycraft:reinforced_grass_path":2,"minecraft:birch_planks":3,"orcz:great_jungle_armour_helmet":1,"minecraft:stone_pickaxe":16,"minecraft:wooden_pickaxe":34,"orcz:spectre_squig_spawn_egg":2,"orcz:great_jungle_armour_chestplate":1,"minecraft:salmon":6,"minecraft:white_wool":58,"immersive_aircraft:cargo_airship":1,"minecraft:jungle_wood":3,"minecraft:sand":5,"minecraft:tnt":8,"minecraft:crafting_table":3,"orcz:orcsteelshovel":10,"orcz:orcamanita":1,"minecraft:birch_fence":4,"minecraft:oak_log":6,"minecraft:apple":1,"orcz:orcsymbol":2,"minecraft:command_block":3,"orcz:snot_spawn_egg":1,"minecraft:chicken":1,"minecraft:bread":19,"tombstone:magic_scroll":4,"securitycraft:bucket_f_water":1,"minecraft:stone_axe":5,"minecraft:wooden_sword":91,"dynamictrees:apple_oak_seed":5,"securitycraft:admin_tool":9,"minecraft:bucket":3,"immersive_aircraft:gyrodyne":7,"dynamictrees:oak_branch":1,"minecraft:bone_meal":1,"minecraft:splash_potion":5,"minecraft:cobweb":23},"minecraft:killed":{"minecraft:spider":1,"minecraft:dolphin":1,"minecraft:chicken":1,"minecraft:pig":1,"minecraft:salmon":6,"minecraft:sheep":2,"orcz:goblin_2sword":1,"minecraft:villager":2}},"DataVersion":3465}