{"stats":{"minecraft:dropped":{"minecraft:filled_map":2},"minecraft:custom":{"minecraft:jump":74,"minecraft:time_since_rest":49217,"minecraft:crouch_one_cm":2856,"minecraft:leave_game":2,"minecraft:play_time":49217,"minecraft:sprint_one_cm":9240,"minecraft:time_since_death":49217,"minecraft:walk_one_cm":15728,"minecraft:sneak_time":1282,"minecraft:total_world_time":49217,"minecraft:drop":2,"minecraft:fall_one_cm":418,"minecraft:fly_one_cm":148767},"minecraft:used":{"minecraft:barrier":6,"minecraft:glow_item_frame":2,"minecraft:red_terracotta":1},"minecraft:picked_up":{"minecraft:glow_item_frame":1,"minecraft:filled_map":3}},"DataVersion":3465}