{"stats":{"minecraft:picked_up":{"minecraft:filled_map":3,"minecraft:glow_item_frame":1},"minecraft:used":{"minecraft:barrier":8,"minecraft:glow_item_frame":2,"minecraft:red_terracotta":1,"minecraft:dirt":2},"minecraft:custom":{"minecraft:time_since_rest":68365,"minecraft:leave_game":3,"minecraft:crouch_one_cm":27178,"minecraft:open_enderchest":1,"minecraft:play_time":68365,"minecraft:sprint_one_cm":32100,"minecraft:time_since_death":68365,"minecraft:walk_on_water_one_cm":3080,"minecraft:walk_one_cm":60520,"minecraft:sneak_time":3227,"minecraft:total_world_time":68365,"minecraft:fall_one_cm":418,"minecraft:drop":2,"minecraft:fly_one_cm":447736,"minecraft:jump":174},"minecraft:dropped":{"minecraft:filled_map":2}},"DataVersion":3465}