{"stats":{"minecraft:killed":{"minecraft:sheep":2,"minecraft:dolphin":1,"minecraft:villager":2},"minecraft:used":{"minecraft:birch_fence":4,"minecraft:crimson_hanging_sign":2,"securitycraft:camera_monitor":2,"minecraft:dirt_path":15,"minecraft:flint_and_steel":6,"minecraft:birch_planks":3,"minecraft:grass_block":35,"securitycraft:bucket_f_lava":1,"securitycraft:security_camera":2,"immersive_aircraft:warship":1,"securitycraft:bucket_f_water":1,"immersive_aircraft:cargo_airship":1,"minecraft:torch":2,"minecraft:sand":2,"minecraft:dirt":453,"minecraft:mutton":2,"minecraft:hay_block":1,"minecraft:tnt":8,"securitycraft:dirt_mine":1,"minecraft:bucket":3,"immersive_aircraft:gyrodyne":6,"minecraft:egg":2,"immersive_aircraft:biplane":3,"minecraft:potato":23,"minecraft:cobweb":23},"minecraft:mined":{"minecraft:hay_block":2,"minecraft:carrots":1,"gravestone:gravestone":1,"minecraft:grass":32,"minecraft:grass_block":2,"minecraft:dirt":6,"minecraft:tall_grass":3,"minecraft:wall_torch":2},"minecraft:picked_up":{"minecraft:torch":2,"minecraft:gravel":5,"securitycraft:camera_monitor":1,"minecraft:sand":2,"minecraft:flint":4,"minecraft:grass_block":2,"minecraft:string":2,"minecraft:dirt":302,"immersive_aircraft:biplane":1,"minecraft:rotten_flesh":7,"minecraft:wheat_seeds":14,"minecraft:hay_block":2,"minecraft:mutton":7,"minecraft:egg":2,"minecraft:white_wool":5},"minecraft:custom":{"minecraft:time_since_rest":37877,"minecraft:sprint_one_cm":39801,"minecraft:damage_taken":533,"minecraft:walk_one_cm":90246,"minecraft:mob_kills":5,"minecraft:drop":18,"minecraft:damage_dealt":1046,"minecraft:swim_one_cm":13025,"minecraft:talked_to_villager":2,"minecraft:fly_one_cm":199937,"minecraft:open_chest":1,"minecraft:crouch_one_cm":15381,"minecraft:play_time":74713,"minecraft:deaths":1,"minecraft:sneak_time":4931,"minecraft:walk_under_water_one_cm":7813,"minecraft:jump":670,"minecraft:leave_game":4,"minecraft:time_since_death":37533,"minecraft:walk_on_water_one_cm":7817,"minecraft:sleep_in_bed":1,"minecraft:total_world_time":74713,"minecraft:fall_one_cm":11326,"minecraft:horse_one_cm":1749},"minecraft:killed_by":{"minecraft:player":1},"minecraft:dropped":{"minecraft:gravel":5,"minecraft:dirt":71,"minecraft:wheat_seeds":6,"minecraft:rotten_flesh":2,"minecraft:white_wool":1,"minecraft:flint":4}},"DataVersion":3465}