{"stats":{"minecraft:dropped":{"minecraft:wheat_seeds":6},"minecraft:picked_up":{"minecraft:torch":2,"minecraft:wheat_seeds":8,"minecraft:dirt":7,"minecraft:mutton":2,"minecraft:white_wool":1,"minecraft:egg":1},"minecraft:custom":{"minecraft:open_chest":1,"minecraft:time_since_rest":21359,"minecraft:crouch_one_cm":472,"minecraft:sprint_one_cm":19002,"minecraft:play_time":27285,"minecraft:damage_taken":45,"minecraft:walk_one_cm":23371,"minecraft:sneak_time":118,"minecraft:walk_under_water_one_cm":4624,"minecraft:mob_kills":4,"minecraft:drop":6,"minecraft:jump":205,"minecraft:damage_dealt":786,"minecraft:leave_game":2,"minecraft:time_since_death":27285,"minecraft:walk_on_water_one_cm":1581,"minecraft:sleep_in_bed":1,"minecraft:total_world_time":27285,"minecraft:swim_one_cm":13025,"minecraft:talked_to_villager":2,"minecraft:fall_one_cm":5563,"minecraft:fly_one_cm":22571},"minecraft:mined":{"minecraft:grass":22,"minecraft:grass_block":1,"minecraft:carrots":1,"minecraft:dirt":6,"minecraft:tall_grass":2,"minecraft:wall_torch":2},"minecraft:killed":{"minecraft:sheep":1,"minecraft:dolphin":1,"minecraft:villager":2},"minecraft:used":{"minecraft:torch":2,"minecraft:dirt":7,"minecraft:mutton":2,"minecraft:egg":1,"minecraft:potato":14}},"DataVersion":3465}