{"stats":{"minecraft:picked_up":{"minecraft:glow_item_frame":1,"minecraft:filled_map":3},"minecraft:used":{"minecraft:glow_item_frame":2,"minecraft:dirt":2,"minecraft:stripped_oak_wood":55,"minecraft:grass_block":1,"minecraft:barrier":43,"minecraft:red_terracotta":1},"minecraft:custom":{"minecraft:open_chest":1,"minecraft:time_since_rest":6585,"minecraft:crouch_one_cm":28965,"minecraft:sprint_one_cm":37459,"minecraft:play_time":95390,"minecraft:open_enderchest":1,"minecraft:deaths":1,"minecraft:walk_one_cm":76089,"minecraft:sneak_time":4407,"minecraft:walk_under_water_one_cm":3215,"minecraft:drop":2,"minecraft:jump":307,"minecraft:leave_game":6,"minecraft:walk_on_water_one_cm":4031,"minecraft:time_since_death":6582,"minecraft:total_world_time":95390,"minecraft:fall_one_cm":418,"minecraft:fly_one_cm":670066,"minecraft:horse_one_cm":126948},"minecraft:dropped":{"minecraft:filled_map":2}},"DataVersion":3465}