{"stats":{"minecraft:custom":{"minecraft:mob_kills":15,"minecraft:interact_with_crafting_table":10,"minecraft:interact_with_stonecutter":2,"minecraft:leave_game":13,"minecraft:time_since_death":22629,"minecraft:sleep_in_bed":3,"minecraft:climb_one_cm":1284,"minecraft:damage_resisted":1845,"minecraft:time_since_rest":21833,"minecraft:sprint_one_cm":95498,"minecraft:damage_taken":953,"minecraft:walk_one_cm":201700,"minecraft:drop":29,"minecraft:damage_dealt":2144,"tombstone:cast_on_ally":0,"minecraft:swim_one_cm":30128,"minecraft:talked_to_villager":2,"minecraft:fly_one_cm":484725,"minecraft:open_chest":1,"minecraft:crouch_one_cm":21530,"minecraft:play_time":150007,"minecraft:deaths":2,"minecraft:sneak_time":7870,"minecraft:walk_under_water_one_cm":13031,"minecraft:jump":1283,"minecraft:walk_on_water_one_cm":15334,"minecraft:total_world_time":150007,"minecraft:fall_one_cm":23050,"minecraft:horse_one_cm":1749},"minecraft:mined":{"orcz:orcamanita":2,"minecraft:grass_block":11,"minecraft:tall_grass":11,"minecraft:wall_torch":2,"minecraft:hay_block":17,"minecraft:tall_seagrass":1,"minecraft:carrots":6,"minecraft:wheat":17,"minecraft:yellow_bed":2,"minecraft:grass":47,"dynamictrees:apple_oak_sapling":1,"minecraft:potatoes":2,"minecraft:oak_log":13,"minecraft:sand":1,"minecraft:dirt":6},"minecraft:killed_by":{"minecraft:player":1},"minecraft:dropped":{"minecraft:gravel":5,"minecraft:wheat_seeds":6,"minecraft:oak_log":1,"securitycraft:admin_tool":1,"minecraft:feather":2,"minecraft:rotten_flesh":2,"securitycraft:sentry":2,"minecraft:flint":4,"minecraft:dirt":71,"tombstone:grave_key":2,"tombstone:grave_dust":2,"minecraft:white_wool":1,"dynamictrees:dendro_potion":2},"minecraft:picked_up":{"securitycraft:admin_tool":1,"minecraft:wheat":6,"minecraft:feather":2,"orcz:orcteeth":1,"minecraft:chicken":1,"minecraft:salmon":6,"minecraft:potato":7,"minecraft:flint":4,"minecraft:oak_log":18,"tombstone:grave_key":1,"minecraft:yellow_bed":2,"dynamictrees:oak_branch":1,"minecraft:gunpowder":2,"dynamictrees:apple_oak_seed":1,"minecraft:string":4,"minecraft:dirt":314,"securitycraft:sentry":4,"immersive_aircraft:biplane":1,"minecraft:wheat_seeds":50,"securitycraft:security_camera":2,"minecraft:egg":2,"minecraft:stick":8,"minecraft:torch":2,"dynamictrees:dendro_potion":2,"minecraft:gravel":5,"securitycraft:camera_monitor":1,"minecraft:porkchop":1,"minecraft:sand":2,"orcz:orcamanita":2,"tombstone:decorative_grave_simple":4,"tombstone:grave_dust":1,"minecraft:pointed_dripstone":3,"minecraft:carrot":14,"minecraft:grass_block":4,"minecraft:tnt":192,"minecraft:rotten_flesh":7,"minecraft:hay_block":17,"minecraft:bone_meal":1,"minecraft:mutton":7,"minecraft:white_wool":5},"minecraft:crafted":{"minecraft:wooden_sword":1,"minecraft:oak_planks":40,"minecraft:crafting_table":2,"minecraft:wooden_pickaxe":1,"minecraft:bread":47,"minecraft:stick":8,"minecraft:wheat":135},"minecraft:used":{"minecraft:crimson_hanging_sign":2,"minecraft:wheat_seeds":24,"minecraft:netherite_sword":2,"minecraft:dirt_path":18,"orcz:great_jungle_armour_leggings":1,"securitycraft:reinforced_grass_path":2,"minecraft:flint_and_steel":6,"minecraft:birch_planks":3,"orcz:great_jungle_armour_helmet":1,"orcz:spectre_squig_spawn_egg":2,"securitycraft:bucket_f_lava":1,"securitycraft:security_camera":5,"immersive_aircraft:warship":2,"orcz:great_jungle_armour_chestplate":1,"minecraft:salmon":6,"minecraft:white_wool":58,"immersive_aircraft:cargo_airship":1,"minecraft:torch":4,"minecraft:jungle_wood":3,"minecraft:dirt":602,"minecraft:sand":2,"minecraft:mutton":3,"minecraft:tnt":8,"minecraft:crafting_table":2,"orcz:orcsteelshovel":10,"minecraft:carrot":3,"orcz:orcamanita":1,"minecraft:birch_fence":4,"endertrigon:baby_dragon_egg":1,"minecraft:oak_log":6,"securitycraft:camera_monitor":2,"tombstone:decorative_grave_simple":5,"minecraft:bread":2,"orcz:orcsymbol":2,"minecraft:command_block":3,"minecraft:chicken":1,"orcz:snot_spawn_egg":1,"minecraft:grass_block":59,"tombstone:magic_scroll":4,"orcz:goblin_2sword_spawn_egg":3,"securitycraft:bucket_f_water":1,"minecraft:wooden_sword":66,"minecraft:hay_block":1,"dynamictrees:apple_oak_seed":5,"securitycraft:dirt_mine":1,"securitycraft:admin_tool":9,"immersive_aircraft:gyrodyne":7,"minecraft:bucket":3,"tombstone:gift":2,"dynamictrees:oak_branch":1,"immersive_aircraft:biplane":3,"minecraft:egg":2,"minecraft:potato":23,"minecraft:bone_meal":1,"minecraft:splash_potion":5,"minecraft:cobweb":23},"minecraft:killed":{"minecraft:pig":1,"minecraft:salmon":6,"minecraft:spider":1,"minecraft:dolphin":1,"minecraft:sheep":2,"minecraft:chicken":1,"orcz:goblin_2sword":1,"minecraft:villager":2}},"DataVersion":3465}