{
  "__COMMENT1": "To apply this configuration to all newly generated worlds",
  "__COMMENT2": "please place this configuration file into your config directory",
  "__COMMENT3": "with the following name: cpm-server-default.json",
  "player_scaling": {
    "543f71ef-3421-486f-a6b5-480af57bf183": {},
    "efc61c1c-eedd-3922-a198-151de4b9ee0c": {},
    "2a5130a8-085d-3e84-aaa0-e0ade8ea9398": {
      "flight": 1.0,
      "mob_vis": 1.0,
      "motion": 1.0,
      "defense": 1.0,
      "reach": 1.0,
      "attack": 1.0,
      "akb": 1.0,
      "health": 1.0,
      "kbr": 1.0,
      "stepHeight": 1.0,
      "asp": 1.0
    }
  },
  "skins": {},
  "player_scaling_settings": {},
  "scaling_settings": {
    "motion": {},
    "mob_visibility": {},
    "defense": {},
    "attack_knockback": {},
    "flight_speed": {},
    "step_height": {},
    "knockback_resist": {},
    "reach": {},
    "health": {},
    "attack_speed": {},
    "attack_dmg": {}
  }
}